320/04133A,JCB,320/04133,JCB
02/100073A,JCB,02/100073А,JCB
02/100284A,JCB,02/100284,JCB
02/100284A,JCB,P554403,JCB
581/M8563,JCB,581/18063,JCB
32/925915,JCB,320/A7124,JCB
32/912001A,JCB,32/912001А,JCB
32/401102,JCB,32/401102A,JCB
32/401102,JCB,32/400701,JCB
32/401102,JCB,P556245,JCB
320/07394,JCB,320/07155,JCB
320/07394,JCB,320/07057,JCB
320/A7170,JCB,320/А7170,JCB
32/925346,JCB,32/913500,JCB
32/926001,JCB,32/925341,JCB
32/920300,JCB,332/B1918,JCB
32/925423,JCB,FSK28598,JCB
32/925423,JCB,10000-59651,JCB
333/D2696,JCB,333/D8248,JCB
32/925683,JCB,333/E8789,JCB
332/А9113,JCB,331/25629,JCB
30/926362,JCB,332/F8191,JCB
320/04133A,JCB,"CS 0057",JCB
581/М8564,JCB,581/18076,JCB
581/М8564,JCB,32/915500,JCB
581/М8564,JCB,581/M7013,JCB
581/М8564,JCB,CS0627H,JCB
32/925915,JCB,320/A7124,JCB
32/925915,JCB,320/A7124,JCB
32/925915,JCB,FLS1919F,JCB
32/925915,JCB,320/A7124,JCB
32/925915,JCB,37294,JCB
32/925694,JCB,37079,JCB
32/912001A,JCB,G7701,JCB
32/912001A,JCB,P550588,JCB
32/912001A,JCB,WK842/2,JCB
320/07394,JCB,320/07155,JCB
320/07394,JCB,320/07057,JCB
320/07394,JCB,FLS1569F,JCB
32/925346,JCB,32/913500,JCB
32/925346,JCB,32/913500,JCB
32/920300,JCB,332/B1918,JCB
32/925683,JCB,333/E8789,JCB
30/926362,JCB,332/F8191,JCB
332/А9113,JCB,331/25629,JCB
581/18096,JCB,02/801481,JCB
02/910140A,JCB,332/Y3268,JCB
02/630935,JCB,02/630935A,JCB
02/630935,JCB,02/630925,JCB
02/800020,JCB,P502476,JCB
02/800359,JCB,P551257,JCB
32/925869,JCB,320/A7121,JCB
32/925856A,JCB,02/800001,JCB
32/925856A,JCB,KSP0281,JCB
02/910150A,JCB,02/910150,JCB
02/910155A,JCB,02/910155,JCB
02/910155A,JCB,4034/70026,JCB
320/07309,JCB,320/07138,JCB
320/07309,JCB,28325961,JCB
332/G2071,JCB,32/925838,JCB
17/926101,JCB,333/D6065,JCB
17/926101,JCB,02/802181,JCB
335/G2061,JCB,KBJ1691A,JCB
335/G2061,JCB,HK25377,JCB
332/B7467,JCB,KNJ0288A,JCB
332/B7467,JCB,332/B1489,JCB
335/G0531,JCB,KRJ3836,JCB
335/G2059,JCB,32/925214,JCB
332/X2640,JCB,332/Х2640,JCB
32/925164,JCB,332/C1491,JCB
580/12020,JCB,C20500,JCB
580/12021,JCB,7242/50253,JCB
32/920401,JCB,7262/50252,JCB
32/915801,JCB,32/917302,JCB
32/915801,JCB,334/L9705,JCB
32/917804,JCB,32/918901,JCB
32/917805,JCB,32/918902,JCB
32/917805,JCB,7222/50253,JCB
32/925869,JCB,320/A7121,JCB
32/925869,JCB,G7735,JCB
32/925869,JCB,P551425,JCB
32/925869,JCB,320/A7121,JCB
32/925869,JCB,DS1918F,JCB
32/925869,JCB,320/A7121,JCB
32/925869,JCB,37299,JCB
32/925975,JCB,37079,JCB
332/G0652,JCB,P502424,JCB
332/G2071,JCB,32/925838,JCB
332/G2071,JCB,P502422,JCB
32/925164,JCB,332/C1491,JCB
335/F0621,JCB,KRJ3461,JCB
335/F0621,JCB,ВК27212,JCB
30/926020,JCB,32/925590,JCB
581/18096,JCB,02/801481,JCB
581/18096,JCB,CS0121,JCB
02/800020,JCB,P502476,JCB
320/07309,JCB,320/07138,JCB
320/07309,JCB,28325961,JCB
320/07309,JCB,BF9881,JCB
32/925994,JCB,320/А7121,JCB
32/925994,JCB,320/A7121,JCB
32/917301,JCB,335/G1441,JCB
32/917301,JCB,334/L9704,JCB
32/917301,JCB,02/972005,JCB
32/917301,JCB,02/971630,JCB
02/630935,JCB,02/630935A,JCB
02/630935,JCB,02/630925,JCB
02/630935,JCB,B228,JCB
32/915701,JCB,7802/54001,JCB
32/915702,JCB,7802/54002,JCB
32/919902,JCB,32/919912,JCB
32/925670,JCB,SH60241,JCB
32/925865,JCB,32/925943,JCB
6900/0084,JCB,32/917701,JCB
KRJ3461,JCB,BK27212,JCB
32/925404,JCB,P778905,JCB
32/912901,JCB,JRH0026,JCB
32/925405,JCB,P778906,JCB
32/912902,JCB,JRH0027,JCB
32/902302,JCB,333/C4690,JCB
335/G0387,JCB,32/925359,JCB
02/910970,JCB,7242/50820,JCB
32/925953,JCB,32/925776,JCB
30/926455,JCB,580/12185,JCB
32/919402,JCB,02/800030,JCB
32/926107,JCB,332/U6368,JCB
32/925905A,JCB,550/41386,JCB
32/925905A,JCB,32/925905,JCB
332/F9029,JCB,20/925579,JCB
20/903300,JCB,20/903300R,JCB
332/F9031,JCB,20/925581,JCB
333/G5393,JCB,333/G6161,JCB
20/912800,JCB,20/903100,JCB
919/72400,JCB,919/27100,JCB
20/902901,JCB,333/Y4969,JCB
25/220180,JCB,332/G5894,JCB
333/C6980,JCB,25/222973,JCB
25/222579,JCB,25/221129,JCB
25/615600,JCB,25/613700,JCB
25/222930,JCB,25/222583,JCB
25/624300,JCB,25/623100,JCB
25/624300,JCB,25/616600,JCB
25/624300,JCB,25/614900,JCB
25/624300,JCB,25/614100,JCB
32/925421,JCB,32/925334,JCB
904/20336,JCB,904/20140,JCB
45/908400,JCB,45/916200,JCB
123/08014,JCB,332/D9619,JCB
346/00138,JCB,123/06727,JCB
346/00138,JCB,123/01427,JCB
25/974645,JCB,25/606118,JCB
25/618901,JCB,25/619001,JCB
25/618901,JCB,25/222659,JCB
25/618902,JCB,25/619002,JCB
25/974643,JCB,25/612826,JCB
32/925870,JCB,32/925634,JCB
45/910700,JCB,45/920067,JCB
25/221208,JCB,25/975703,JCB
25/221208,JCB,333/Y0784,JCB
929/06202,JCB,45/910500,JCB
25/221258,JCB,25/222416,JCB
1620/2050,JCB,332/D1079,JCB
1620/2050,JCB,123/07424,JCB
332/G4776,JCB,25/223704,JCB
333/C8657,JCB,25/222498,JCB
25/610300,JCB,333/C8658,JCB
333/F3125,JCB,128/H7493,JCB
25/606117,JCB,25/608808,JCB
25/222806,JCB,332/D3943,JCB
128/H2794,JCB,128/H6835,JCB
128/H2796,JCB,128C9657,JCB
128/H2796,JCB,128/H6835,JCB
903/20774,JCB,933/20013,JCB
332/E4161,JCB,45/920143,JCB
590/31200,JCB,590/40560,JCB
590/31200,JCB,590/40256,JCB
590/31200,JCB,590/40534,JCB
590/31200,JCB,590/40574,JCB
590/40526,JCB,590/40561,JCB
590/40526,JCB,590/40060,JCB
590/40155,JCB,590/40564,JCB
590/40317,JCB,590/40563,JCB
590/40215,JCB,590/40512,JCB
333/E3268,JCB,590/34000,JCB
556/60367,JCB,556/60366,JCB
556/60051,JCB,556/60019,JCB
556/60051,JCB,556/44000,JCB
556/60051,JCB,556/31900,JCB
556/60331,JCB,556/60077,JCB
556/60331,JCB,556/60234,JCB
556/60331,JCB,556/60401,JCB
576/60124,JCB,576/60209,JCB
557/60078,JCB,557/60141,JCB
557/60078,JCB,557/60237,JCB
557/60078,JCB,557/60077,JCB
557/60210,JCB,557/60138,JCB
557/60210,JCB,557/60153,JCB
557/60210,JCB,557/60136,JCB
557/60030,JCB,557/60154,JCB
557/60030,JCB,557/60060,JCB
557/60061,JCB,557/60156,JCB
557/60061,JCB,557/60031,JCB
557/60061,JCB,557/60212,JCB
557/60061,JCB,557/60016,JCB
556/60421,JCB,556/60422,JCB
556/60421,JCB,556/60361,JCB
556/60360,JCB,556/60338,JCB
556/60360,JCB,556/60362,JCB
556/60424,JCB,556/60336,JCB
556/60424,JCB,556/60274,JCB
556/60424,JCB,556/60273,JCB
556/60424,JCB,556/60359,JCB
556/60078,JCB,556/60348,JCB
556/60386,JCB,556/60348,JCB
556/60386,JCB,556/60380,JCB
556/60386,JCB,556/60402,JCB
556/43700,JCB,556/60053,JCB
559/60024,JCB,559/60250,JCB
559/60024,JCB,559/60208,JCB
559/60024,JCB,559/60142,JCB
556/60340,JCB,556/60499,JCB
556/60340,JCB,556/60418,JCB
559/60230,JCB,559/60172,JCB
559/60230,JCB,559/60229,JCB
559/60230,JCB,559/60160,JCB
559/60230,JCB,559/60146,JCB
559/60230,JCB,559/60077,JCB
559/60230,JCB,559/60163,JCB
561/60089,JCB,561/60280,JCB
561/60089,JCB,561/60200,JCB
561/60089,JCB,561/60162,JCB
561/60089,JCB,561/60125,JCB
563/60084,JCB,563/60103,JCB
563/60084,JCB,563/60071,JCB
563/60084,JCB,563/60040,JCB
563/60084,JCB,563/60102,JCB
563/60084,JCB,563/60039,JCB
563/60084,JCB,563/60083,JCB
559/60216,JCB,559/60154,JCB
559/60215,JCB,559/60191,JCB
559/60192,JCB,559/60155,JCB
573/10061,JCB,573/10032,JCB
573/10061,JCB,335/Y5011,JCB
557/60014,JCB,557/60056,JCB
557/60014,JCB,557/60092,JCB
557/60014,JCB,557/60170,JCB
556/70380,JCB,556/70348,JCB
556/70359,JCB,556/70335,JCB
556/70359,JCB,556/70336,JCB
556/70359,JCB,556/70338,JCB
557/70031,JCB,557/60212,JCB
563/70102,JCB,563/70038,JCB
559/70229,JCB,559/70160,JCB
559/70229,JCB,559/70171,JCB
594/14300,JCB,594/14303,JCB
594/14300,JCB,594/00171,JCB
594/14272,JCB,332/G3980,JCB
320/08657,JCB,320/08759,JCB
320/08657,JCB,320/08651,JCB
320/08657,JCB,320/08584,JCB
320/08657,JCB,320/A8538,JCB
320/A4166,JCB,320/04170,JCB
320/A4166,JCB,320/04291,JCB
320/A4166,JCB,320/07934,JCB
320/05693,JCB,320/05527,JCB
02/192083,JCB,31137311,JCB
02/192083,JCB,T427336,JCB
02/192083,JCB,U5TW0002,JCB
320/02709,JCB,320/02608,JCB
320/A4166,JCB,320/04170,JCB
320/A4166,JCB,320/04291,JCB
320/A4166,JCB,320/07934,JCB
320/04013,JCB,320/04035,JCB
2418F437,JCB,02/10435,JCB
2418F437,JCB,12014981B,JCB
2418F437,JCB,DZJ02101435,JCB
320/03336,JCB,320/03196,JCB
320/08624,JCB,7232/50475,JCB
02/201287,JCB,02/202196,JCB
02/201287,JCB,02/101825,JCB
02/201287,JCB,ZZ90238,JCB
320/04050A,JCB,320/04146,JCB
02/203056,JCB,02/203217,JCB
02/203056,JCB,U5LB0384,JCB
02/290001,JCB,982-975,JCB
02/290001,JCB,3117C061,JCB
320/04090,JCB,320/04091,JCB
02/201849,JCB,U5LT1202,JCB
332/G3496,JCB,332/D6935,JCB
02/201396,JCB,"10000-71516 (3142U991",JCB
02/201396,JCB,T420076),JCB
320/06159,JCB,320/06083,JCB
02/202064,JCB,3318A705,JCB
02/201599,JCB,3142L081,JCB
02/201599,JCB,10000-90635,JCB
320/04138,JCB,320/04115,JCB
2666108,JCB,15-001,JCB
717/00100,JCB,2666103,JCB
904/50020,JCB,445/03215,JCB
320/04618,JCB,320/04552,JCB
320/04890,JCB,320/04540,JCB
459/50660,JCB,459/50493,JCB
331/50774,JCB,331/40186,JCB
701/60000,JCB,40/303242,JCB
910/60236,JCB,910/60204,JCB
02/192004,JCB,U5MB0034B,JCB
320/03697,JCB,320/03612,JCB
02/201504,JCB,4181A033,JCB
02/201504,JCB,985-212,JCB
320/00917,JCB,320/02006,JCB
814/10106,JCB,814/00427,JCB
02/203156,JCB,U5LT0357,JCB
320/04040,JCB,320/07680,JCB
320/04040,JCB,320/07683,JCB
02/201050,JCB,4132F056,JCB
02/201050,JCB,930-366,JCB
320/09281,JCB,320/09298,JCB
02/100192,JCB,2485613,JCB
02/202474,JCB,02/203184,JCB
02/202474,JCB,4133L507,JCB
02/202474,JCB,4133L501,JCB
02/203160,JCB,2674A209,JCB
02/202110,JCB,U5MW0192,JCB
02/202110,JCB,PW3400,JCB
02/202480,JCB,02/202481,JCB
02/202480,JCB,332/H0896,JCB
320/08530,JCB,7232/50474,JCB
02/202107,JCB,02/201544,JCB
02/202107,JCB,4133L036,JCB
02/202107,JCB,2485C034,JCB
320/04542,JCB,320/А4904,JCB
02/201630,JCB,332/H0893,JCB
02/201630,JCB,02/201457,JCB
02/201630,JCB,U5MW0160,JCB
15/920000,JCB,1405022F,JCB
320/04186,JCB,320/04300,JCB
02/202242,JCB,02/202497,JCB
331/40347,JCB,332/P7213,JCB
813/00349,JCB,320/06036,JCB
813/00349,JCB,813/10258,JCB
320/06053,JCB,320/06266,JCB
814/00441,JCB,814/00201,JCB
320/04542,JCB,320/А4904,JCB
320/09382,JCB,320/09217,JCB
320/09382,JCB,320/09280,JCB
32/920200,JCB,32/915800,JCB
02/201457,JCB,332/H0893,JCB
02/201457,JCB,02/201780,JCB
02/201457,JCB,02/201630,JCB
128/H2997,JCB,128/C2478,JCB
3681E037,JCB,02/201729,JCB
320/08550,JCB,320/A8514,JCB
910/48800,JCB,910/60109,JCB
320/06036,JCB,7232/50457,JCB
02/202400,JCB,02/201880,JCB
02/202400,JCB,02/202564,JCB
320/03721,JCB,320/03617,JCB
333/J2748,JCB,334/K3998,JCB
320/09335,JCB,320/03243,JCB
332/H0895,JCB,02/202510,JCB
332/H0895,JCB,02/202365,JCB
332/H0895,JCB,U5MW0156,JCB
334/C0309,JCB,02/911903R,JCB
123/07172,JCB,123/06405,JCB
320/00883,JCB,320/00897,JCB
320/00802,JCB,320/00893,JCB
320/03698,JCB,32003616,JCB
128/H8000,JCB,128/H3958,JCB
332/X6158,JCB,333/L4143,JCB
332/C4374,JCB,580/12210,JCB
02/202484,JCB,4133L054,JCB
02/202484,JCB,02/202117,JCB
02/202524,JCB,U5LB1310,JCB
02/202218,JCB,331A012,JCB
U5LP0057,JCB,3135J241,JCB
3142W004,JCB,982-308,JCB
3142W004,JCB,02/2015015,JCB
320/04249,JCB,320/04196,JCB
02/202350,JCB,02/201660,JCB
929-366,JCB,4138A017,JCB
0050345,JCB,02/192016,JCB
02/192010,JCB,"3112E031,10000-05616",JCB
320/09382,JCB,320/09217,JCB
320/09382,JCB,320/09280,JCB
5125690060,JCB,02/800271,JCB
320/03394,JCB,320/03136,JCB
320/04186,JCB,320/04300,JCB
02/200320,JCB,02/200115,JCB
834/11384,JCB,834/11174,JCB
02/192011,JCB,31137312,JCB
333/C9356,JCB,400/D2973,JCB
02/100041,JCB,02/203182,JCB
02/100041,JCB,10000-15130,JCB
02/100041,JCB,3311A054,JCB
02/201534,JCB,3688C042,JCB
02/201539,JCB,984-733,JCB
02/201539,JCB,3687Y016,JCB
02/201684,JCB,3688A029,JCB
320/03575,JCB,320/03674,JCB
332/G1935,JCB,3141D133,JCB
320/03681,JCB,320/03630,JCB
320/08685,JCB,320/08924,JCB
320/08685,JCB,320/08924,JCB
320/08530,JCB,7232/50474,JCB
320/08624,JCB,7232/50475,JCB
320/02691,JCB,320/02594,JCB
3142W004,JCB,982-308,JCB
3142W004,JCB,02/201515,JCB
320/04618,JCB,320/04552,JCB
907-003,JCB,31434307,JCB
910/60236,JCB,910/60204,JCB
320/04207,JCB,320/04388,JCB
320/06153,JCB,320/06078,JCB
320/06152,JCB,320/06077,JCB
320/06160,JCB,320/06081,JCB
02/200460,JCB,02/200880,JCB
320/06156,JCB,320/06126,JCB
320/06048,JCB,762932-5001s,JCB
02/203188,JCB,4115C315,JCB
02/190033,JCB,4111А013,JCB
02/290005,JCB,983-001,JCB
02/290005,JCB,4111A021,JCB
02/290005,JCB,3117A051,JCB
320/A8511,JCB,320/08503,JCB
320/05569,JCB,320/05529,JCB
320/01657,JCB,320/01907,JCB
320/08657,JCB,320/08759,JCB
320/08657,JCB,320/08651,JCB
320/08657,JCB,320/08584,JCB
320/08657,JCB,320/A8538,JCB
320/03270,JCB,320/03018,JCB
320/06047,JCB,320/06016,JCB
320/06398,JCB,320/06035,JCB
320/06398,JCB,320/06249,JCB
320/06398,JCB,320/06030,JCB
320/06398,JCB,320/06034,JCB
320/06398,JCB,320/06324,JCB
320/06398,JCB,320/06080,JCB
320/06398,JCB,320/06035,JCB
320/06398,JCB,320/06249,JCB
320/06398,JCB,320/06030,JCB
320/06398,JCB,320/06034,JCB
320/06398,JCB,320/06324,JCB
320/06398,JCB,320/06080,JCB
320/04092,JCB,320/07754,JCB
02/200777,JCB,02/202408,JCB
729/10655,JCB,729/10655A,JCB
729/10655,JCB,729/10647,JCB
332/F3103,JCB,729/10669,JCB
729/10663,JCB,729/10643,JCB
714/22500,JCB,714/40154,JCB
701/80145,JCB,701/71900,JCB
714/26100,JCB,ААК4598,JCB
714/26100,JCB,11201810,JCB
714/40154,JCB,714/22500,JCB
320/08560,JCB,320/08648,JCB
320/09346,JCB,320/09144,JCB
320/09346,JCB,320/09035,JCB
320/09346,JCB,320/09026,JCB
320/09346,JCB,320/09032,JCB
701/46602,JCB,701/37702,JCB
714/40159,JCB,714/29500,JCB
714/40159,JCB,714/14300,JCB
332/C4284,JCB,30/925685,JCB
714/40313,JCB,K1216EN1,JCB
701/41600,JCB,701/37300,JCB
716/24200,JCB,701/56600,JCB
701/60014,JCB,701/60027,JCB
332/G1897,JCB,714/20600,JCB
716/25800,JCB,716/C6032,JCB
701/45501,JCB,331/11403,JCB
716/30152,JCB,923/10147,JCB
701/80184,JCB,701/45500,JCB
701/80383,JCB,332/C8548,JCB
25/222913,JCB,25/MM3127,JCB
701/80627,JCB,701/80394,JCB
701/80184,JCB,701/45500,JCB
716/30123,JCB,728/D4742,JCB
320/04046,JCB,320/A4146,JCB
320/04046,JCB,320/04038,JCB
701/80626,JCB,701/80319,JCB
701/80626,JCB,701/80591,JCB
701/80626,JCB,701/M7305,JCB
320/04554,JCB,320/04544,JCB
701/80345,JCB,701/80243,JCB
704/50227,JCB,704/50185,JCB
704/50227,JCB,704/50199,JCB
320/08649,JCB,320/08719,JCB
459/M2874,JCB,25/220804,JCB
701/80486,JCB,332/C9990,JCB
320/04588,JCB,320/A4901,JCB
320/04558,JCB,320/04545,JCB
700/36800,JCB,700/50114,JCB
02/202447,JCB,02/202230,JCB
25/105100,JCB,25/974100,JCB
25/220994,JCB,998/10914,JCB
701/60002,JCB,332/P0323,JCB
701/60005,JCB,701/58821,JCB
25/104700,JCB,25/103000,JCB
701/60004,JCB,701/E0004,JCB
332/C3148,JCB,716/30149,JCB
30/927225,JCB,332/T3747,JCB
16.915.735,JCB,16915735,JCB
16.915.735,JCB,72739470,JCB
16.915.735,JCB,MGX916KIT,JCB
320/A4146,JCB,320/А4146,JCB
717/20137,JCB,25/221582,JCB
332/С8548,JCB,701/80383,JCB
333/R4182,JCB,334/T0078,JCB
332/W8383,JCB,334/T0072,JCB
332/J6722,JCB,32/925686,JCB
701/71300,JCB,701/54900,JCB
701/71300,JCB,701/33500,JCB
701/80363,JCB,294/57673,JCB
701/80363,JCB,721/10763,JCB
701/80363,JCB,30/925706,JCB
320/A9998,JCB,320/09727,JCB
721/12351,JCB,721/11727,JCB
701/X2224,JCB,333/X3308,JCB
718/20312,JCB,332/D7945,JCB
25/221168,JCB,6900/0460,JCB
25/221263,JCB,717/20309,JCB
333/R6000,JCB,335/B1258,JCB
717/20110,JCB,717/20108,JCB
320/09639,JCB,320/04560,JCB
30/925355,JCB,30/926460,JCB
332/D7961,JCB,332/C2416,JCB
ALI5813LK,JCB,AAK5813,JCB
332/J3294,JCB,332/J2970,JCB
701/45501,JCB,331/11403,JCB
30/927142,JCB,30/926017,JCB
30/927142,JCB,332/H7297,JCB
333/C1590,JCB,334/G7574,JCB
320/09638,JCB,721/11977,JCB
320/09638,JCB,721/12094,JCB
332/C4758,JCB,721/12300,JCB
25/964901,JCB,716/30171,JCB
25/MM4825,JCB,25/MM5000,JCB
320/09347,JCB,320/09027,JCB
320/09347,JCB,320/09033,JCB
AZE4172,JCB,11131780,JCB
AZE4172,JCB,2873K404,JCB
450/10221,JCB,458/20446,JCB
458/20446,JCB,450/10221,JCB
458/70249,JCB,458/70250,JCB
458/70242,JCB,458/70039,JCB
458/70242,JCB,453/02000,JCB
448/05500,JCB,458/70029,JCB
450/10700,JCB,458/70037,JCB
914/10803,JCB,914/37801,JCB
914/10803,JCB,914/36201,JCB
458/70035,JCB,453/00900,JCB
450/12401,JCB,450/10216,JCB
458/70189,JCB,458/M1350,JCB
126/02253,JCB,126/01946,JCB
914/45301,JCB,998/10361,JCB
914/45301,JCB,333/D5995,JCB
450/10216,JCB,450/12401,JCB
826/01665,JCB,826/01713,JCB
458/70246,JCB,458/70247,JCB
914/56401,JCB,914/35401,JCB
126/02419,JCB,331/37238,JCB
458/70249,JCB,458/70250,JCB
914/30901,JCB,333/C6125,JCB
914/38100,JCB,914/60093,JCB
20/925327,JCB,20/915900,JCB
20/925327,JCB,20/900400,JCB
914/36900,JCB,914/60092,JCB
20/925552,JCB,20/925466,JCB
20/925552,JCB,20/925335,JCB
126/02419,JCB,126/01947,JCB
453/00304,JCB,448/42402,JCB
453/00304,JCB,458/20061,JCB
826/11353,JCB,826/01714,JCB
914/60041,JCB,914/44500,JCB
448/42402,JCB,453/30401,JCB
448/42703,JCB,458/20405,JCB
448/42602,JCB,458/20404,JCB
333/G3575,JCB,333/C6052,JCB
333/F2128,JCB,333/G3704,JCB
458/20403,JCB,458/20447,JCB
914/42200,JCB,993/81100,JCB
914/57501,JCB,333/F8451,JCB
998/10361,JCB,914/45301,JCB
998/10361,JCB,333/D5995,JCB
914/56401,JCB,914/35401,JCB
445/03005,JCB,921/53400,JCB
458/20814,JCB,454/13100,JCB
458/20814,JCB,454/06900,JCB
450/12702,JCB,450/10204,JCB
05/903821,JCB,05/903801,JCB
458/M4230,JCB,450/M3848,JCB
458/M4230,JCB,458/M4448,JCB
907/52200,JCB,907/20043,JCB
907/52200,JCB,907/M7473,JCB
904/50033,JCB,904/M6779,JCB
904/50033,JCB,504/50025,JCB
907/09000,JCB,10/301079,JCB
826/01744,JCB,826/M7635,JCB
907/08300,JCB,907/M5375,JCB
904/50040,JCB,904/50006,JCB
914/60215,JCB,914/23201,JCB
450/27200,JCB,450/17900,JCB
450/27200,JCB,459/70133,JCB
914/88200,JCB,821/00494,JCB
914/60103,JCB,914/M4448,JCB
450/10209,JCB,914/M7404,JCB
904/50023,JCB,904/20172,JCB
914/60109,JCB,914/M0343,JCB
813/50027,JCB,813/00319,JCB
450/12703,JCB,450/10214,JCB
907/50000,JCB,907/07700,JCB
907/50000,JCB,907/11800,JCB
816/80012,JCB,816/81012,JCB
816/80012,JCB,826/80012,JCB
445/12307,JCB,445/30011,JCB
445/12307,JCB,459/50764,JCB
445/12307,JCB,445/68100,JCB
445/12307,JCB,459/50721,JCB
907/52800,JCB,907/20031,JCB
907/52800,JCB,907/M3142,JCB
907/08400,JCB,907/20025,JCB
907/51500,JCB,907/09300,JCB
904/05100,JCB,15026518B,JCB
914/86403,JCB,914/84102,JCB
921/01900,JCB,921/10900,JCB
914/83304,JCB,914/80203,JCB
914/83304,JCB,914/86203,JCB
914/89800,JCB,821/00494,JCB
128/13949,JCB,331/37238,JCB
20/MM4617,JCB,20/915901,JCB
448/26301,JCB,448/56161,JCB
914/86602,JCB,914/84301,JCB
449/05500,JCB,445/18600,JCB
458/M1916,JCB,458/10219,JCB
458/M1916,JCB,448/56770,JCB
233/26603,JCB,233/26600,JCB
828/00414,JCB,445/40201,JCB
459/30481,JCB,449/10014,JCB
459/30481,JCB,445/30017,JCB
331/41809,JCB,331/30567,JCB
914/03402,JCB,914/35501,JCB
914/03402,JCB,835727M91,JCB
914/03402,JCB,15017908,JCB
914/03402,JCB,11716650,JCB
914/03402,JCB,1179887,JCB
914/03402,JCB,3926301,JCB
914/60199,JCB,914/70092,JCB
914/84204,JCB,914/86402,JCB
914/84204,JCB,333/H4196,JCB
914/60215,JCB,914/23201,JCB
04/600864,JCB,04/600136,JCB
907/20049,JCB,907/09600,JCB
907/51600,JCB,907/09500,JCB
458/20762,JCB,453/25001,JCB
914/84204,JCB,914/86402,JCB
914/84204,JCB,333/H4196,JCB
459/М6921,JCB,459/М4796,JCB
331/36009,JCB,45/905400,JCB
445/04700,JCB,921/51700,JCB
445/04700,JCB,921/53600,JCB
921/02200,JCB,921/02200A,JCB
921/02200,JCB,921/02203,JCB
448/42703,JCB,458/20405,JCB
458/20040,JCB,826/01435,JCB
458/20040,JCB,458/M2974,JCB
458/20040,JCB,826/01435,JCB
458/20040,JCB,458/M2974,JCB
458/20041,JCB,458/M9275,JCB
907/20045,JCB,907/M3131,JCB
907/20045,JCB,907/53800,JCB
914/36804,JCB,914/35101,JCB
907/52200,JCB,907/20043,JCB
907/52200,JCB,907/M7473,JCB
907/08400,JCB,907/20025,JCB
907/52800,JCB,907/20031,JCB
907/52800,JCB,907/M3142,JCB
907/20030,JCB,907/M3134,JCB
907/20049,JCB,907/09600,JCB
907/M3140,JCB,907/20032,JCB
917/10006,JCB,917/52100,JCB
907/08300,JCB,907/M5375,JCB
907/09000,JCB,10/301079,JCB
914/60103,JCB,914/M4448,JCB
914/89300,JCB,914/60100,JCB
914/89400,JCB,914/60109,JCB
914/89400,JCB,914/M0343,JCB
914/89500,JCB,914/86700,JCB
914/89500,JCB,821/00494,JCB
813/50010,JCB,813/10175,JCB
813/50010,JCB,813/10175,JCB
904/50033,JCB,904/M6779,JCB
904/50033,JCB,504/50025,JCB
904/05100,JCB,15026518B,JCB
904/50040,JCB,904/50006,JCB
904/50023,JCB,904/20172,JCB
448/56282,JCB,335/B1629,JCB
830/11842,JCB,459/30382,JCB
459/70317,JCB,459/70095,JCB
458/20813,JCB,826/01744,JCB
458/20813,JCB,458/20910,JCB
458/20813,JCB,826/01744,JCB
458/20813,JCB,458/20909,JCB
458/20816,JCB,458/20894,JCB
331/23193,JCB,331/37238,JCB
331/23193,JCB,331/37238,JCB
459/1006,JCB,459/M2170,JCB
32/925914,JCB,332/С7113,JCB
332/F4780,JCB,333/C0880,JCB
332/F4780,JCB,331/11403,JCB
128/Е5189,JCB,128/C2000,JCB
17/927800,JCB,17/919300,JCB
17/927800,JCB,4132A018,JCB
320/07037,JCB,320/07201,JCB
320/06835,JCB,320/06528,JCB
716/30255,JCB,716/30098,JCB
32/925914,JCB,332/С7113,JCB
320/06937,JCB,320/06743,JCB
17/927800,JCB,17/919301,JCB
320/06742,JCB,320/06725,JCB
320/07051,JCB,320/A7112,JCB
320/07212,JCB,320/07616,JCB
28363771,JCB,17/105201,JCB
320/07458,JCB,320/07457,JCB
320/07458,JCB,320/A7060,JCB
332/D6723,JCB,32/925949,JCB
332/D6723,JCB,320/07065,JCB
334/D8880,JCB,ULPK0041,JCB
334/D8880,JCB,ULPK0038,JCB
334/D8880,JCB,4132A018,JCB
334/D8880,JCB,3860189,JCB
320/A7161,JCB,320/А7161,JCB
32/908400,JCB,32/905800,JCB
320/07056,JCB,320/07038,JCB
32/925868,JCB,320/A7062,JCB
320/07192,JCB,320/07616,JCB
320/07192,JCB,320/07019,JCB
8980093971,JCB,17/926100,JCB
17/925200,JCB,7250/60146,JCB
32/926045,JCB,32/925710,JCB
333/Y6130,JCB,40/302054,JCB
128/11042,JCB,125/00248,JCB
17/927700,JCB,332/G6714,JCB
320/06837,JCB,320/06847,JCB
320/06837,JCB,320/06722,JCB
320/06838,JCB,320/06724,JCB
320/06838,JCB,320/06694,JCB
320/06838,JCB,320/06724,JCB
320/06839,JCB,320/06735,JCB
32/925914,JCB,332/С7113,JCB
17/927600,JCB,02/802705,JCB
17/927600,JCB,294050-0105,JCB
320/07192,JCB,320/07616,JCB
320/07192,JCB,320/07019,JCB
458/20353,JCB,458/20289,JCB
458/20353,JCB,450/10224,JCB
15/920103,JCB,478/00849,JCB
15/920103,JCB,333/C2926,JCB
15/920103,JCB,15/913501,JCB
458/20693,JCB,458/20302,JCB
450/10224,JCB,458/20353,JCB
450/10224,JCB,458/20289,JCB
15/905501,JCB,15/920338,JCB
910/60203,JCB,910/M1244,JCB
332/H3679,JCB,332/Н3679,JCB
15/920160,JCB,452/02700,JCB
15/920389,JCB,15/905504,JCB
162/03143,JCB,123/02141,JCB
813/50026,JCB,450/10004,JCB
701/80486,JCB,332/C9990,JCB
458/20285,JCB,458/20316,JCB
458/20285,JCB,450/22908,JCB
15/920112,JCB,15/905500,JCB
458/20365,JCB,458/M5480,JCB
15/920389,JCB,15/905504,JCB
15/920127,JCB,333/E5760,JCB
10/907145,JCB,JLA0174,JCB
15/903911,JCB,15/901402,JCB
458/20285,JCB,458/20316,JCB
458/20285,JCB,450/22908,JCB
814/00383,JCB,814/10122,JCB
458/20371,JCB,453/00104,JCB
332/H3679,JCB,332/Н3679,JCB
30/915200,JCB,332/C8731,JCB
332/G3691,JCB,128/14326,JCB
477/00223,JCB,32/925219,JCB
834/11380,JCB,834/11195,JCB
834/11383,JCB,834/11203,JCB
332/C1667,JCB,346/00104,JCB
332/C1667,JCB,30/926102,JCB
269/40239,JCB,332/U7589,JCB
834/10523,JCB,834/10618,JCB
332/C5000,JCB,332/СC5000,JCB
332/C8935,JCB,332/С8935,JCB
123/06399,JCB,123/06220,JCB
02/631174,JCB,02/634154,JCB
02/800796,JCB,02/800776,JCB
700/50054,JCB,700/38400,JCB
700/50029,JCB,"700/38800,",JCB
700/50121,JCB,332/E2599,JCB
700/50121,JCB,700/43100,JCB
332/P5302,JCB,332/C4066,JCB
128/Е5189,JCB,128/C2000,JCB
332/P5297,JCB,332/C4063,JCB
332/P5275,JCB,346/00565,JCB
332/D4972,JCB,331/27634,JCB
332/P5292,JCB,346/00566,JCB
32/925421,JCB,32/925334,JCB
331/42846,JCB,334/L3100,JCB
332/P5300,JCB,332/C4065,JCB
332/P5245,JCB,346/00563,JCB
332/P5299,JCB,332/C4064,JCB
332/P5260,JCB,316/00564,JCB
331/31709,JCB,331/43118,JCB
331/31709,JCB,332/A3731,JCB
331/31710,JCB,332/A3732,JCB
332/E0833,JCB," 332/E9991",JCB
332/E0833,JCB,123/05550,JCB
332/E0830,JCB,332/F0084,JCB
332/E0830,JCB,123/07178,JCB
128/H9703,JCB,128/F9250,JCB
123/04067,JCB,123/06547,JCB
331/47026,JCB,331/66785,JCB
331/47026,JCB,331/66784,JCB
331/47026,JCB,331/37268,JCB
126/03080,JCB,126/01855,JCB
333/E5192,JCB,128/F4623,JCB
333/E5192,JCB,128/17498,JCB
331/11383,JCB,123/06143,JCB
332/J7324,JCB,331/41860,JCB
128/C0484,JCB,128/C6611,JCB
128/D0063,JCB,128/D0026,JCB
331/35756,JCB,813/10244,JCB
331/35756,JCB,331/36314,JCB
826/11026,JCB,331/36380,JCB
332/G2442,JCB,332/H5798,JCB
332/H5797,JCB,332/G2472,JCB
821/00332,JCB,821/00332A,JCB
700/41600,JCB,700/39000,JCB
128/10850,JCB,LP10850,JCB
123/03215,JCB,123/04764,JCB
125/79800,JCB,125/48500,JCB
125/79800,JCB,335/05602,JCB
125/79800,JCB,335/05605,JCB
125/79800,JCB,125/48600,JCB
331/27389,JCB,123/03215,JCB
335/05602,JCB,335/05601,JCB
335/05602,JCB,335/08301,JCB
335/05602,JCB,335/05302,JCB
128/14726,JCB,334/L3100,JCB
128/14726,JCB,331/45731,JCB
128/14725,JCB,123/06751,JCB
128/14725,JCB,331/14893,JCB
126/01544,JCB,128/10855,JCB
121/39800,JCB,123/04862,JCB
331/49744,JCB,128/10726,JCB
KHV0101,JCB,335/02222,JCB
123/00928,JCB,123/00223,JCB
123/00928,JCB,123/00544,JCB
128/14725,JCB,123/06751,JCB
128/14725,JCB,331/14893,JCB
128/14726,JCB,334/L3100,JCB
128/14726,JCB,331/45731,JCB
123/04970,JCB,477/01608,JCB
123/04970,JCB,334/E0829,JCB
331/18441,JCB,331/18442,JCB
123/06334,JCB,331/14573,JCB
40/906902,JCB,400/F9020,JCB
333/P6766,JCB,333/Р6766,JCB
333/C1550,JCB,332/А7768,JCB
826/11628,JCB,826/11106,JCB
826/11628,JCB,332/A5005,JCB
826/11628,JCB,332/A5708,JCB
826/11105,JCB,332/A9108,JCB
826/11105,JCB,826/11627,JCB
826/11105,JCB,332/A5642,JCB
826/11105,JCB,332/A5004,JCB
331/66727,JCB,331/60675,JCB
998/10830,JCB,998/10831,JCB
998/10830,JCB,331/30408,JCB
332/F1130,JCB,331/31205,JCB
333/A2202,JCB,332/F5272,JCB
826/11487,JCB,332/F8596,JCB
331/59163,JCB,331/44207,JCB
331/59164,JCB,331/44208,JCB
346/00317,JCB,157/15703,JCB
332/F1142,JCB,821/10218,JCB
128/G6537,JCB,332/F7445,JCB
714/40344,JCB,714/40267,JCB
714/40344,JCB,714/40267,JCB
128/P4338,JCB,331/27034,JCB
128/P4338,JCB,332/P0162,JCB
123/08087,JCB,331/38827,JCB
116/00416,JCB,331/34525,JCB
123/09046,JCB,331/31071,JCB
704/50096,JCB,704/50219,JCB
459/70271,JCB,445/05503,JCB
160/01292,JCB,913/06506,JCB
445/10803,JCB,445/05504,JCB
991/00122,JCB,991/00025,JCB
991/00123,JCB,991/00061,JCB
991/20024,JCB,991/20018,JCB
991/00110,JCB,"991/20030; 991/20002",JCB
991/00102,JCB,991/20022,JCB
991/00102,JCB,991/20010,JCB
991/00111,JCB,991/00111P,JCB
991/00158,JCB,991/00158P,JCB
991/00144,JCB,991/20029,JCB
991/00171,JCB,991/20020,JCB
332/Z2202,JCB,332/Z2157,JCB
990/81700,JCB,529/03000,JCB
980/89988,JCB,340/00582,JCB
980/89989,JCB,340/00584,JCB
980/89881,JCB,528/03800,JCB
980/89881,JCB,993/39500,JCB
980/89990,JCB,980/89819,JCB
980/89990,JCB,528/04000,JCB
980/89991,JCB,980/89820,JCB
980/89991,JCB,531/23500,JCB
980/89991,JCB,528/04200,JCB
980/89992,JCB,980/90034,JCB
980/89993,JCB,980/89870,JCB
980/89994,JCB,980/89822,JCB
980/89994,JCB,531/19400,JCB
980/89995,JCB,980/89823,JCB
980/89995,JCB,531/19500,JCB
980/86061,JCB,531/28800,JCB
980/88833,JCB,980/88352,JCB
980/88833,JCB,980/84507,JCB
826/00303,JCB,1305/0714,JCB
826/00303,JCB,1340/0701,JCB
126/00578,JCB,128/C1010,JCB
333/D8457,JCB,332/C4390,JCB
903/03227,JCB,903/05632,JCB
903/04644,JCB,983/10322,JCB
903/03241,JCB,903/05607,JCB
903/03254,JCB,903/03245,JCB
903/04637,JCB,983/10316,JCB
983/10313,JCB,903/04633,JCB
332/A2433,JCB,400/L8085,JCB
903/03236,JCB,903/05605,JCB
811/90486,JCB,333/T9119,JCB
811/90486,JCB,811/90214,JCB
811/90592,JCB,811/90060,JCB
811/10111,JCB,811/90473,JCB
811/50398,JCB,811/90478,JCB
811/90583,JCB,811/50373,JCB
811/80001,JCB,811/90483,JCB
811/70080,JCB,811/90585,JCB
811/80007,JCB,811/90469,JCB
811/80004,JCB,811/90484,JCB
811/80004,JCB,811/90676,JCB
911/40092,JCB,333/G6734,JCB
911/40092,JCB,911/23800,JCB
811/50530,JCB,811/90590,JCB
811/90165,JCB,332/F7264,JCB
829/00548,JCB,333/S3339,JCB
809/00131,JCB,809/00130,JCB
1450/0001,JCB,816/60056,JCB
809/00112,JCB,333/S3347,JCB
809/00125A,JCB,809/00125,JCB
559/00105,JCB,333/F6186,JCB
809/00127,JCB,808/00360,JCB
911/33000,JCB,162/03823,JCB
811/50568,JCB,811/50519,JCB
332/V4641,JCB,911/29700,JCB
332/W0185,JCB,911/27800,JCB
911/27000,JCB,332/V4646,JCB
813/00443,JCB,813/00429,JCB
334/G6204,JCB,162/02238,JCB
823/10332,JCB,823/00577,JCB
831/10211,JCB,332/G0719,JCB
41/927100,JCB,334/L1922,JCB
41/916600,JCB,41/923900,JCB
41/916600,JCB,41/903600,JCB
334/L2033,JCB,41/910000,JCB
41/909900,JCB,41/912200,JCB
41/910100,JCB,334/L2034,JCB
826/10575,JCB,242/00101,JCB
825/99928,JCB,915/10200,JCB
915/10100,JCB,825/99927,JCB
827/80141,JCB,333/R4242,JCB
331/23360,JCB,926/90007,JCB
JHN0178,JCB,JHN0140,JCB
332/X3157,JCB,332/X0154,JCB
"зуба 826/00303",JCB,1305/0714,JCB
"зуба 826/00303",JCB,1340/0701,JCB
826/01665,JCB,826/01713,JCB
826/11353,JCB,826/01714,JCB
826/00303,JCB,1305/0714,JCB
826/00303,JCB,1340/0701,JCB
332/A4841,JCB,128/13862,JCB
320/00917,JCB,320/02006,JCB
123/00928,JCB,123/00223,JCB
123/00928,JCB,123/00544,JCB
4006/1120,JCB,4006/0103,JCB
915/07300,JCB,992/11300,JCB
915/07300,JCB,332/T1792,JCB
915/07300,JCB,992/11300,JCB
915/07300,JCB,332/T1792,JCB
915/07300,JCB,992/11300,JCB
915/07300,JCB,332/T1792,JCB
28532,CARRARO,6193364M1,CARRARO
28532,CARRARO,89823358,CARRARO
28532,CARRARO,VOE11709303,CARRARO
28532,CARRARO,CA0028532,CARRARO
139738,CARRARO,6193410M1,CARRARO
139738,CARRARO,311488A1,CARRARO
139738,CARRARO,VOE11709363,CARRARO
139738,CARRARO,320-8587,CARRARO
25808,CARRARO,6194369M1,CARRARO
25808,CARRARO,83930316,CARRARO
25808,CARRARO,VOE11709102,CARRARO
25808,CARRARO,CA0025808,CARRARO
134740,CARRARO,6193399M1,CARRARO
134740,CARRARO,85827748,CARRARO
134740,CARRARO,VOE11709335,CARRARO
134740,CARRARO,204-3057,CARRARO
25809,CARRARO,73300856,CARRARO
25809,CARRARO,VOE11712987,CARRARO
25809,CARRARO,CA0025809,CARRARO
123153,CARRARO,6194019M91,CARRARO
123153,CARRARO,D142917,CARRARO
123153,CARRARO,71065.7,CARRARO
25829,CARRARO,6194421M1,CARRARO
25829,CARRARO,81870304,CARRARO
25829,CARRARO,VOE11709098,CARRARO
25829,CARRARO,CA0025829,CARRARO
145481,CARRARO,6112445M91,CARRARO
145481,CARRARO,VOE11988150,CARRARO
27351,CARRARO,6193361M1,CARRARO
27351,CARRARO,85818898,CARRARO
27351,CARRARO,VOE11709298,CARRARO
27351,CARRARO,CA0027351,CARRARO
146134,CARRARO,6194264M91,CARRARO
27367,CARRARO,6193375M1,CARRARO
27367,CARRARO,85827751,CARRARO
27367,CARRARO,VOE11709314,CARRARO
27367,CARRARO,CA0027367,CARRARO
47702,CARRARO,6193704M1,CARRARO
47702,CARRARO,87313744,CARRARO
47702,CARRARO,VOE11988156,CARRARO
47702,CARRARO,CA0047702,CARRARO
66989,CARRARO,6193349M91,CARRARO
27693,CARRARO,3523581M1,CARRARO
27693,CARRARO,85807966,CARRARO
27693,CARRARO,CA0027693,CARRARO
27693,CARRARO,320-7359,CARRARO
66941,CARRARO,6194510M91,CARRARO
66941,CARRARO,VOE11709287,CARRARO
66941,CARRARO,CA0066941,CARRARO
66941,CARRARO,S06/42142,CARRARO
133566,CARRARO,6194307M1,CARRARO
133566,CARRARO,87429971,CARRARO
133566,CARRARO,VOE11712659,CARRARO
125933,CARRARO,3523065M91,CARRARO
134363,CARRARO,6193433M1,CARRARO
134363,CARRARO,5194291,CARRARO
134363,CARRARO,VOE11709408,CARRARO
134363,CARRARO,CA0134363,CARRARO
125934,CARRARO,3523063M91,CARRARO
140224,CARRARO,6193448M1,CARRARO
140224,CARRARO,85821287,CARRARO
140224,CARRARO,CA0140224,CARRARO
140224,CARRARO,198-7822,CARRARO
48726,CARRARO,6194916M1,CARRARO
48726,CARRARO,877101698,CARRARO
48726,CARRARO,852-04-1288,CARRARO
48726,CARRARO,852041288,CARRARO
145050,CARRARO,6193363M1,CARRARO
145050,CARRARO,85825034,CARRARO
145050,CARRARO,VOE11709302,CARRARO
145050,CARRARO,CA0145050,CARRARO
130242,CARRARO,6194466M1,CARRARO
130242,CARRARO,181166A1,CARRARO
130242,CARRARO,VOE11709212,CARRARO
130242,CARRARO,CA0130242,CARRARO
641735,CARRARO,6194911M1,CARRARO
641735,CARRARO,87685583,CARRARO
641735,CARRARO,VOE11715254,CARRARO
641735,CARRARO,CA0641735,CARRARO
125209,CARRARO,6194427M1,CARRARO
125209,CARRARO,83983576,CARRARO
125209,CARRARO,VOE11716797,CARRARO
125209,CARRARO,CA0125209,CARRARO
47705,CARRARO,3523062M1,CARRARO
47705,CARRARO,1349265C1,CARRARO
47705,CARRARO,168-7010,CARRARO
351144,CARRARO,6193678M1,CARRARO
351144,CARRARO,247523A1,CARRARO
351144,CARRARO,VOE11709456,CARRARO
351144,CARRARO,CA0351144,CARRARO
139101,CARRARO,6193328M1,CARRARO
139101,CARRARO,87313792,CARRARO
139101,CARRARO,209-4233,CARRARO
352360,CARRARO,6194266M91,CARRARO
104988,CARRARO,3475328M1,CARRARO
104988,CARRARO,5194153,CARRARO
104988,CARRARO,VOE11709275,CARRARO
104988,CARRARO,197-9155,CARRARO
139199,CARRARO,6194359M1,CARRARO
139199,CARRARO,"358643A1,VOE11709092",CARRARO
139199,CARRARO,CA0139199,CARRARO
120836,CARRARO,3475610M1,CARRARO
120836,CARRARO,83954696,CARRARO
120836,CARRARO,CA0120836,CARRARO
25484,CARRARO,6194418M1,CARRARO
25484,CARRARO,181122A1,CARRARO
25484,CARRARO,VOE11716790,CARRARO
25484,CARRARO,CA0025484,CARRARO
128714,CARRARO,6190286M1,CARRARO
128714,CARRARO,85808271,CARRARO
128714,CARRARO,VOE11988629,CARRARO
128714,CARRARO,CA0128714,CARRARO
115643,CARRARO,3475594M1,CARRARO
115643,CARRARO,83952541,CARRARO
115643,CARRARO,CA0115643,CARRARO
115643,CARRARO,3215360,CARRARO
135947,CARRARO,6194930M1,CARRARO
135947,CARRARO,247551A1,CARRARO
135947,CARRARO,VOE11709499,CARRARO
135947,CARRARO,209-4157,CARRARO
115644,CARRARO,3523074M1,CARRARO
115644,CARRARO,83957889,CARRARO
115644,CARRARO,CA0115644,CARRARO
138736,CARRARO,6193419M1,CARRARO
138736,CARRARO,292894A1,CARRARO
138736,CARRARO,"VOE11709373,320-8606",CARRARO
129118,CARRARO,6193373M1,CARRARO
129118,CARRARO,85817785,CARRARO
129118,CARRARO,VOE11709311,CARRARO
129118,CARRARO,CA0129118,CARRARO
149786,CARRARO,6195011M91,CARRARO
149786,CARRARO,VOE11716540,CARRARO
149786,CARRARO,CA0149786,CARRARO
149786,CARRARO,286-9634,CARRARO
146640,CARRARO,"6194452M91,VOE11709196",CARRARO
149785,CARRARO,VOE11716541,CARRARO
149785,CARRARO,CA0149785,CARRARO
66748,CARRARO,6193394M91,CARRARO
66748,CARRARO,85827750,CARRARO
66748,CARRARO,VOE11709331,CARRARO
66748,CARRARO,CA0066748,CARRARO
66975,CARRARO,217-2349,CARRARO
66975,CARRARO,2172349,CARRARO
135859,CARRARO,278534A1,CARRARO
135859,CARRARO,VOE11709050,CARRARO
40701,CARRARO,6110604M91,CARRARO
40701,CARRARO,VOE11709048,CARRARO
125233,CARRARO,6190290M1,CARRARO
125233,CARRARO,85808263,CARRARO
125233,CARRARO,VOE11709361,CARRARO
125233,CARRARO,CA0125233,CARRARO
125344,CARRARO,6194923M1,CARRARO
125344,CARRARO,85806006,CARRARO
125344,CARRARO,VOE11709492,CARRARO
125344,CARRARO,CA0125344,CARRARO
125555,CARRARO,3523070M1,CARRARO
125555,CARRARO,83982414,CARRARO
125555,CARRARO,CA0125555,CARRARO
137302,CARRARO,6194417M1,CARRARO
137302,CARRARO,233283A1,CARRARO
24789,CARRARO,3523098M1,CARRARO
24789,CARRARO,83957806,CARRARO
24789,CARRARO,VOE11709300,CARRARO
24789,CARRARO,CA0024789,CARRARO
137303,CARRARO,6194406M1,CARRARO
137303,CARRARO,233284A1,CARRARO
137303,CARRARO,VOE11709146,CARRARO
24793,CARRARO,6194928M1,CARRARO
24793,CARRARO,247557A1,CARRARO
24793,CARRARO,VOE11709497,CARRARO
24793,CARRARO,CA0024793,CARRARO
148854,CARRARO,87705524,CARRARO
148854,CARRARO,VOE11712986,CARRARO
148854,CARRARO,F03/31862,CARRARO
24799,CARRARO,6193699M1,CARRARO
24799,CARRARO,87306933,CARRARO
24799,CARRARO,VOE11709171,CARRARO
24799,CARRARO,CA0024799,CARRARO
123402,CARRARO,6193365M1,CARRARO
123402,CARRARO,83957802,CARRARO
123402,CARRARO,VOE11709304,CARRARO
123402,CARRARO,320-9355,CARRARO
24800,CARRARO,6190292M1,CARRARO
24800,CARRARO,85806000,CARRARO
24800,CARRARO,VOE11709077,CARRARO
24800,CARRARO,CA0024800,CARRARO
125831,CARRARO,6194420M1,CARRARO
125831,CARRARO,86027162,CARRARO
125831,CARRARO,VOE11709167,CARRARO
125831,CARRARO,199-0678,CARRARO
24866,CARRARO,6194719M1,CARRARO
24866,CARRARO,47382652,CARRARO
24866,CARRARO,VOE11716802,CARRARO
24866,CARRARO,CA0024866,CARRARO
128631,CARRARO,3523579M1,CARRARO
128631,CARRARO,85807967,CARRARO
128631,CARRARO,320-9343,CARRARO
24877,CARRARO,6193421M1,CARRARO
24877,CARRARO,153326502,CARRARO
24877,CARRARO,VOE11709378,CARRARO
24877,CARRARO,CA0024877,CARRARO
128632,CARRARO,3523578M1,CARRARO
128632,CARRARO,85807961,CARRARO
128632,CARRARO,320-7355,CARRARO
139198,CARRARO,6194360M1,CARRARO
139198,CARRARO,358642A1,CARRARO
139198,CARRARO,VOE11709093,CARRARO
139198,CARRARO,CA0139198,CARRARO
128633,CARRARO,3523545M1,CARRARO
128633,CARRARO,82850294,CARRARO
128633,CARRARO,VOE11709397,CARRARO
28212,CARRARO,6194006M1,CARRARO
28212,CARRARO,87759558,CARRARO
28212,CARRARO,VOE11716628,CARRARO
28212,CARRARO,CA0028212,CARRARO
138778,CARRARO,6193413M1,CARRARO
138778,CARRARO,292901A1,CARRARO
138778,CARRARO,VOE11709368,CARRARO
138778,CARRARO,S06/42327,CARRARO
28528,CARRARO,6195867M1,CARRARO
28528,CARRARO,84467237,CARRARO
28528,CARRARO,CA0028528,CARRARO
28528,CARRARO,320-8652,CARRARO
119505,CARRARO,3475615M1,CARRARO
119505,CARRARO,83952548,CARRARO
119505,CARRARO,VOE11881213,CARRARO
128630,CARRARO,3523555M1,CARRARO
128630,CARRARO,82850293,CARRARO
128630,CARRARO,VOE11709401,CARRARO
28562,CARRARO,6193333M1,CARRARO
28562,CARRARO,85808276,CARRARO
28562,CARRARO,VOE11709269,CARRARO
28562,CARRARO,CA0028562,CARRARO
135366,CARRARO,6194929M1,CARRARO
135366,CARRARO,247556A1,CARRARO
135366,CARRARO,VOE11709498,CARRARO
135366,CARRARO,210-5931,CARRARO
28571,CARRARO,6194332M1,CARRARO
28571,CARRARO,87429982,CARRARO
28571,CARRARO,VOE11709074,CARRARO
28571,CARRARO,CA0028571,CARRARO
115634,CARRARO,3475625M1,CARRARO
115634,CARRARO,83957876,CARRARO
115634,CARRARO,7028428,CARRARO
28579,CARRARO,6193409M1,CARRARO
28579,CARRARO,85808262,CARRARO
28579,CARRARO,VOE11709359,CARRARO
28579,CARRARO,CA0028579,CARRARO
138690,CARRARO,6193418M1,CARRARO
138690,CARRARO,292898A1,CARRARO
138690,CARRARO,VOE11709375,CARRARO
138690,CARRARO,S06/42316,CARRARO
28603,CARRARO,6194922M1,CARRARO
28603,CARRARO,85805711,CARRARO
28603,CARRARO,VOE11709491,CARRARO
28603,CARRARO,CA0028603,CARRARO
145284,CARRARO,6194422M1,CARRARO
145284,CARRARO,VOE11716792,CARRARO
28613,CARRARO,6194419M1,CARRARO
28613,CARRARO,112517A1,CARRARO
28613,CARRARO,VOE11716791,CARRARO
28613,CARRARO,CA0028613,CARRARO
131824,CARRARO,6194925M1,CARRARO
131824,CARRARO,87710173,CARRARO
131824,CARRARO,VOE11709494,CARRARO
131824,CARRARO,S06/41394,CARRARO
28623,CARRARO,6194405M1,CARRARO
28623,CARRARO,"181144A1,VOE11709145",CARRARO
28623,CARRARO,CA0028623,CARRARO
139633,CARRARO,6193411M1,CARRARO
139633,CARRARO,85817684,CARRARO
139633,CARRARO,VOE11709362,CARRARO
139633,CARRARO,215-9546,CARRARO
138982,CARRARO,6194428M1,CARRARO
138982,CARRARO,366231A1,CARRARO
138982,CARRARO,VOE11716798,CARRARO
138982,CARRARO,CA0138982,CARRARO
128880,CARRARO,6190565M1,CARRARO
128880,CARRARO,122260A1,CARRARO
128880,CARRARO,VOE11709445,CARRARO
128880,CARRARO,7028383,CARRARO
116458,CARRARO,3523073M1,CARRARO
116458,CARRARO,83957883,CARRARO
116458,CARRARO,CA0116458,CARRARO
128881,CARRARO,6190566M1,CARRARO
128881,CARRARO,82850292,CARRARO
128881,CARRARO,VOE11709450,CARRARO
128881,CARRARO,7028385,CARRARO
125549,CARRARO,3523072M1,CARRARO
125549,CARRARO,83982413,CARRARO
125549,CARRARO,CA0125549,CARRARO
125549,CARRARO,508207,CARRARO
128904,CARRARO,85805980,CARRARO
128904,CARRARO,VOE11988560,CARRARO
46196,CARRARO,6194009M1,CARRARO
46196,CARRARO,85827070,CARRARO
46196,CARRARO,CA0046196,CARRARO
46196,CARRARO,209-0375,CARRARO
130631,CARRARO,6194275M1,CARRARO
130631,CARRARO,85807970,CARRARO
130631,CARRARO,320-7369,CARRARO
132274,CARRARO,6190206M1,CARRARO
132274,CARRARO,140947A1,CARRARO
132274,CARRARO,CA0132274,CARRARO
130632,CARRARO,6193283M1,CARRARO
130632,CARRARO,85807972,CARRARO
134195,CARRARO,6193360M1,CARRARO
134195,CARRARO,85812297,CARRARO
134195,CARRARO,CA0134195,CARRARO
106199,CARRARO,3475613M1,CARRARO
106199,CARRARO,83952547,CARRARO
106199,CARRARO,03215460,CARRARO
131897,CARRARO,3522108M1,CARRARO
131897,CARRARO,87580471,CARRARO
131897,CARRARO,CA0131897,CARRARO
120853,CARRARO,3475614M1,CARRARO
120853,CARRARO,83956465,CARRARO
149283,CARRARO,6195015M1,CARRARO
149283,CARRARO,VOE11713004,CARRARO
149283,CARRARO,CA0149283,CARRARO
116957,CARRARO,6190302M1,CARRARO
116957,CARRARO,85808260,CARRARO
116957,CARRARO,VOE11716612,CARRARO
116957,CARRARO,320-8583,CARRARO
350878,CARRARO,6194904M91,CARRARO
350878,CARRARO,CAR350878,CARRARO
350878,CARRARO,VOE11988157,CARRARO
350878,CARRARO,S06/41648,CARRARO
115640,CARRARO,3475618M1,CARRARO
115640,CARRARO,83952551,CARRARO
351504,CARRARO,6194265M91,CARRARO
351504,CARRARO,85807975,CARRARO
351504,CARRARO,204-3080,CARRARO
116722,CARRARO,85824346,CARRARO
116722,CARRARO,83949435,CARRARO
116722,CARRARO,3475534M1,CARRARO
116722,CARRARO,633763,CARRARO
116722,CARRARO,CA0116722,CARRARO
116722,CARRARO,501521,CARRARO
116722,CARRARO,295151A1,CARRARO
131299,CARRARO,6193420M1,CARRARO
131299,CARRARO,196092A1,CARRARO
131299,CARRARO,VOE11709380,CARRARO
131299,CARRARO,210-3099,CARRARO
"138383 ",CARRARO,6194366M1,CARRARO
"138383 ",CARRARO,87701275,CARRARO
"138383 ",CARRARO,VOE11709101,CARRARO
"138383 ",CARRARO,CA0138383,CARRARO
40884,CARRARO,3523097M1,CARRARO
44178,CARRARO,6194008M1,CARRARO
44178,CARRARO,87416066,CARRARO
44178,CARRARO,CA0044178,CARRARO
109972,CARRARO,"3475535M1,83930156 VOE11709409",CARRARO
109972,CARRARO,CA0109972,CARRARO
131954,CARRARO,6193340M1,CARRARO
131954,CARRARO,196065A1,CARRARO
131954,CARRARO,"VOE11709278 CA0131954",CARRARO
126610,CARRARO,6194021M1,CARRARO
126610,CARRARO,D149725,CARRARO
126610,CARRARO,CA0126610,CARRARO
126611,CARRARO,6194022M1,CARRARO
126611,CARRARO,D149726,CARRARO
126611,CARRARO,VOE11716618,CARRARO
126611,CARRARO,CA0126611,CARRARO
125190,CARRARO,3523272M1,CARRARO
125190,CARRARO,81862996,CARRARO
125190,CARRARO,VOE11709364,CARRARO
125190,CARRARO,CA0125190,CARRARO
141196,CARRARO,6194926M1,CARRARO
141196,CARRARO,353362A1,CARRARO
141196,CARRARO,VOE11709495,CARRARO
141196,CARRARO,CA0141196,CARRARO
143563,CARRARO,123641,CARRARO
143563,CARRARO,6194030M1,CARRARO
143563,CARRARO,87417600,CARRARO
143563,CARRARO,VOE11988148,CARRARO
143563,CARRARO,CA0143563,CARRARO
144558,CARRARO,6194263M1,CARRARO
144558,CARRARO,85824470,CARRARO
144558,CARRARO,CA0144558,CARRARO
144558,CARRARO,320-7356,CARRARO
116962,CARRARO,6190247M1,CARRARO
116962,CARRARO,83957138,CARRARO
116962,CARRARO,CA0116962,CARRARO
116962,CARRARO,209-7546,CARRARO
125390,CARRARO,6194908M1,CARRARO
125390,CARRARO,"85805988,VOE11709462",CARRARO
125390,CARRARO,CA0125390,CARRARO
138692,CARRARO,6193350M1,CARRARO
138692,CARRARO,87580364,CARRARO
138692,CARRARO,VOE11709291,CARRARO
138692,CARRARO,CA0138692,CARRARO
635446,CARRARO,6194955M91,CARRARO
635446,CARRARO,87705447,CARRARO
143687,CARRARO,6194342M1,CARRARO
143687,CARRARO,CA0143687,CARRARO
143687,CARRARO,F03/31777,CARRARO
133924,CARRARO,6194352M1,CARRARO
133924,CARRARO,181159A1,CARRARO
133924,CARRARO,VOE11709086,CARRARO
133924,CARRARO,CA0133924,CARRARO
146048,CARRARO,6193362M1,CARRARO
146048,CARRARO,VOE11716606,CARRARO
146048,CARRARO,CA0146048,CARRARO
146048,CARRARO,S06/42393,CARRARO
136155,CARRARO,6193397M1,CARRARO
136155,CARRARO,85808316,CARRARO
136155,CARRARO,VOE11709333,CARRARO
136155,CARRARO,CA0136155,CARRARO
136644,CARRARO,6193396M1,CARRARO
136644,CARRARO,85808317,CARRARO
136644,CARRARO,VOE11988608,CARRARO
136644,CARRARO,320-7379,CARRARO
134181,CARRARO,6190295M1,CARRARO
143874,CARRARO,6193395M1,CARRARO
143874,CARRARO,85827747,CARRARO
143874,CARRARO,VOE11709332,CARRARO
143874,CARRARO,CA0143874,CARRARO
133972,CARRARO,6194353M1,CARRARO
133972,CARRARO,181158A1,CARRARO
133972,CARRARO,VOE11709087,CARRARO
133972,CARRARO,CA0133972,CARRARO
139791,CARRARO,6194722M91,CARRARO
139791,CARRARO,VOE11716799,CARRARO
139791,CARRARO,CA0139791,CARRARO
139791,CARRARO,F03/31870,CARRARO
28141,CARRARO,6194425M1,CARRARO
28141,CARRARO,366236A1,CARRARO
28141,CARRARO,VOE11716795,CARRARO
28141,CARRARO,CA0281410,CARRARO
33027,CARRARO,6194423M1,CARRARO
33027,CARRARO,366235A1,CARRARO
33027,CARRARO,VOE11716793,CARRARO
33027,CARRARO,CA0033027,CARRARO
133757,CARRARO,6193402M1,CARRARO
133757,CARRARO,190492A1,CARRARO
133757,CARRARO,VOE11709338,CARRARO
133757,CARRARO,CA0133757,CARRARO
139231,CARRARO,6193403M1,CARRARO
139231,CARRARO,308036A1,CARRARO
139231,CARRARO,VOE11709339,CARRARO
139231,CARRARO,CA0139231,CARRARO
139197,CARRARO,6194343M1,CARRARO
139197,CARRARO,358645A1,CARRARO
139197,CARRARO,VOE11709076,CARRARO
139197,CARRARO,CA0139197,CARRARO
142858,CARRARO,6194363M1,CARRARO
142858,CARRARO,87429984,CARRARO
142858,CARRARO,VOE11712470,CARRARO
142858,CARRARO,CA0142858,CARRARO
148565,CARRARO,87705461,CARRARO
148565,CARRARO,VOE11712955,CARRARO
148565,CARRARO,CA0148565B,CARRARO
40823,CARRARO,3476314M91,CARRARO
40823,CARRARO,CA0040823,CARRARO
40823,CARRARO,03225800,CARRARO
46221,CARRARO,6193696M1,CARRARO
46221,CARRARO,85827008,CARRARO
46221,CARRARO,VOE11988155,CARRARO
46221,CARRARO,CA0046221,CARRARO
46252,CARRARO,6194010M91,CARRARO
46252,CARRARO,144465A1,CARRARO
46252,CARRARO,VOE11988571,CARRARO
46252,CARRARO,CA0046252,CARRARO
66570,CARRARO,6193412M91,CARRARO
66570,CARRARO,292891A1,CARRARO
66570,CARRARO,VOE11709369,CARRARO
66570,CARRARO,CA0066570,CARRARO
145265,CARRARO,6194905M91,CARRARO
145265,CARRARO,87710164,CARRARO
145265,CARRARO,VOE11709446,CARRARO
145265,CARRARO,CA0145265,CARRARO
145264,CARRARO,6194906M91,CARRARO
145264,CARRARO,87710165,CARRARO
145264,CARRARO,VOE11709463,CARRARO
145264,CARRARO,CA0145264,CARRARO
24210,CARRARO,6190567M1,CARRARO
24210,CARRARO,83930288,CARRARO
24210,CARRARO,VOE11709410,CARRARO
24210,CARRARO,CA0024210,CARRARO
138981,CARRARO,6194426M1,CARRARO
138981,CARRARO,366232A1,CARRARO
138981,CARRARO,VOE11716796,CARRARO
138981,CARRARO,CA0138981,CARRARO
123726,CARRARO,3523057M1,CARRARO
123726,CARRARO,83982416,CARRARO
123726,CARRARO,VOE11709400,CARRARO
123726,CARRARO,CA0123726,CARRARO
25735,CARRARO,6194367M1,CARRARO
25735,CARRARO,87429983,CARRARO
25735,CARRARO,VOE11709099,CARRARO
25735,CARRARO,CA0025735,CARRARO
066993,CARRARO,6194920M91,CARRARO
066993,CARRARO,87710170,CARRARO
066993,CARRARO,VOE11709489,CARRARO
066993,CARRARO,7028413,CARRARO
068056,CARRARO,6194284M91,CARRARO
068056,CARRARO,87416108,CARRARO
28560,CARRARO,6194325M1,CARRARO
28560,CARRARO,181141A1,CARRARO
28560,CARRARO,VOE11709068,CARRARO
28560,CARRARO,CA0028560,CARRARO
40821,CARRARO,3476312M1,CARRARO
40821,CARRARO,87759572,CARRARO
40821,CARRARO,CA0040821,CARRARO
125161,CARRARO,6190264M1,CARRARO
125161,CARRARO,85807981,CARRARO
125161,CARRARO,CA0125161,CARRARO
125161,CARRARO,198-7815,CARRARO
118370,CARRARO,3475599M1,CARRARO
118370,CARRARO,83952531,CARRARO
118370,CARRARO,VOE11709360,CARRARO
118370,CARRARO,CA0118370,CARRARO
339307,CARRARO,6194951M91,CARRARO
339307,CARRARO,87705451,CARRARO
339307,CARRARO,AA.02.0096,CARRARO
066338,CARRARO,6190816M91,CARRARO
